,Наименование товара, Цена, Главное изображение,,1, Производитель,,,Название производителя, Дата начала работы,,,,,,,,,,,,,
,Super Minds. Level 4. Workbook with Online Resources,1210.00, Товары школы,701132.jpg,2,38,,1,1.00,06.1.2015,,,,,,,,,,,,,,
,Super Minds. Workbook 2 with Online Resources,1200.00, Товары школы,701128.jpg,1,38,,2,2.00,18.8.2017,,,,,,,,,,,,,,
,Eyes Open. Level 3. Student's Book,1350.00, Товары школы,700890.jpg,1,38,,3,3.00,22.10.2015,,,,,,,,,,,,,,
,Advanced Grammar in Use. Book without Answers,1850.00, Товары школы,700673.jpg,1,38,,4,4.00,22.2.2017,,,,,,,,,,,,,,
,Английский на каждый день,670.00, Товары школы,698477.jpg,1,17,,5,5.00,02.1.2015,,,,,,,,,,,,,,
,English for Everyone. English Vocabulary Builder,1980.00, Товары школы,715802.jpg,1,5,,6,6.00,17.5.2017,,,,,,,,,,,,,,
,Cracking GMAT Premium 2020 Edition. 6 Practice Tests,3140.00, Товары школы,724652.jpg,1,1,,7,7.00,16.11.2017,,,,,,,,,,,,,,
,Учебник английского языка. Полный курс,1000.00, Товары школы,729944.jpg,1,36,,8,8.00,15.9.2016,,,,,,,,,,,,,,
,"Английский без страха для тех, кому за...",290.00, Товары школы,720888.jpg,1,17,,9,9.00,26.2.2018,,,,,,,,,,,,,,
,Grammarway 2. Teacher's Book. Elementary,910.00, Товары школы,702075.jpg,1,8,,10,10.00,20.9.2017,,,,,,,,,,,,,,
,Tree or Three? An elementary pronunciation course,1870.00, Товары школы,701141.jpg,1,38,,11,11.00,07.11.2015,,,,,,,,,,,,,,
,Prism Reading. Intro. Student's Book,2930.00, Товары школы,699858.jpg,1,38,,12,12.00,17.10.2016,,,,,,,,,,,,,,
,Think. Level 3. B1+. Student's Book,1640.00, Товары школы,701135.jpg,1,38,,13,13.00,07.6.2018,,,,,,,,,,,,,,
,Учим английский язык с енотами-полиглотами,340.00, Товары школы,724934.jpg,1,17,,14,14.00,13.5.2015,,,,,,,,,,,,,,
,Super Minds. Workbook 1 with Online Resources,1230.00, Товары школы,701125.jpg,1,38,,15,15.00,16.6.2018,,,,,,,,,,,,,,
,Говори как английская королева. The Queen's English and how to use it,420.00, Товары школы,699791.jpg,1,17,,16,16.00,16.1.2017,,,,,,,,,,,,,,
,Dive in! Blue,630.00, Товары школы,729198.jpg,1,6,,17,17.00,31.10.2017,,,,,,,,,,,,,,
,Вся грамматика английского языка в таблицах. Учебное пособие,390.00, Товары школы,716788.jpg,1,47,,18,18.00,15.2.2017,,,,,,,,,,,,,,
,New Enterprise A2. Workbook with digibook app,1220.00, Товары школы,701884.jpg,1,8,,19,19.00,21.6.2017,,,,,,,,,,,,,,
,Eyes Open Level 1 Student's Book,1340.00, Товары школы,700889.jpg,1,38,,20,20.00,12.10.2017,,,,,,,,,,,,,,
,Английский язык. Популярный иллюстрированный самоучитель,400.00, Товары школы,726891.jpg,1,17,,21,21.00,23.8.2016,,,,,,,,,,,,,,
,Grammarway 1. Book with Answers. Beginner,1270.00, Товары школы,702074.jpg,1,8,,22,22.00,16.3.2016,,,,,,,,,,,,,,
,Business Vocabulary in Use. Advanced. Book with Answers,2220.00, Товары школы,700674.jpg,1,38,,23,23.00,21.7.2015,,,,,,,,,,,,,,
,Разговорный английский в диалогах. Учебное пособие,1140.00, Товары школы,730838.jpg,1,2,,24,24.00,04.6.2017,,,,,,,,,,,,,,
,Английский без барьеров. For beginners,420.00, Товары школы,722958.jpg,1,44,,25,25.00,14.4.2017,,,,,,,,,,,,,,
,Pocket English Grammar (Карманная грамматика английского языка). Справочное пособие,390.00, Товары школы,690825.jpg,1,49,,26,26.00,24.3.2018,,,,,,,,,,,,,,
,Evolve. Level 1. Student's Book,1840.00, Товары школы,702640.jpg,2,38,,27,27.00,27.9.2016,,,,,,,,,,,,,,
,Реальный English. Как подружиться с грамматикой раз и навсег 1,690.00, Товары школы,704508.jpg,1,29,,28,28.00,24.5.2015,,,,,,,,,,,,,,
,English Vocabulary in Use. Advanced. Book with Answers,1860.00, Товары школы,700703.jpg,2,38,,29,29.00,07.9.2016,,,,,,,,,,,,,,
,Быстрый английский. Тренажер по чтению,240.00, Товары школы,715170.jpg,1,17,,30,30.00,24.10.2017,,,,,,,,,,,,,,
,Деловой английский язык. (Бакалавриат и магистратура). Учебное пособие,1080.00, Товары школы,712853.jpg,1,2,,31,31.00,08.8.2015,,,,,,,,,,,,,,
,Английский язык. Самые нужные правила,180.00, Товары школы,729858.jpg,1,17,,32,32.00,11.4.2018,,,,,,,,,,,,,,
,Legal English. Английский язык для юристов. Учебник,2720.00, Товары школы,707289.jpg,1,49,,33,33.00,31.10.2017,,,,,,,,,,,,,,
,OK English! Все правила английского языка с упражнениями,370.00, Товары школы,694544.jpg,1,17,,34,34.00,09.9.2017,,,,,,,,,,,,,,
,Dive in! Orange,650.00, Товары школы,729200.jpg,1,6,,35,35.00,16.8.2015,,,,,,,,,,,,,,
,"Английская грамматика. Просто и понятно: правила, модели, упражнения. Учебное пособие",2060.00, Товары школы,716808.jpg,1,50,,36,36.00,16.3.2015,,,,,,,,,,,,,,
,Grammar in Use. Intermediate. Student's Book without Answers,1740.00, Товары школы,700903.jpg,2,38,,37,37.00,24.9.2016,,,,,,,,,,,,,,
,Современная английская грамматика в таблицах,340.00, Товары школы,721525.jpg,1,9,,38,38.00,18.8.2015,,,,,,,,,,,,,,
,Everyday Vocabulary + Grammar. For Intermediate Students. Учебное пособие,1180.00, Товары школы,722745.jpg,1,24,,39,39.00,04.11.2017,,,,,,,,,,,,,,
,English for Everyone. English Idioms,2290.00, Товары школы,715801.jpg,1,5,,40,40.00,28.3.2017,,,,,,,,,,,,,,
,Вся грамматика английского языка. Теория и практика,410.00, Товары школы,724335.jpg,1,17,,41,41.00,04.9.2017,,,,,,,,,,,,,,
,Говорим по-английски,220.00, Товары школы,706297.jpg,1,32,,42,42.00,18.11.2017,,,,,,,,,,,,,,
,Business Vocabulary in Use. Intermediate. Book with Answers and Enhanced ebook,2690.00, Товары школы,700676.jpg,1,38,,43,43.00,20.10.2017,,,,,,,,,,,,,,
,Безупречная английская грамматика. Простые правила и увлекательные тесты,720.00, Товары школы,723769.jpg,1,17,,44,44.00,06.5.2018,,,,,,,,,,,,,,
,Exam Booster For Advanced Without Ans Key + Audio,1300.00, Товары школы,714676.jpg,1,38,,45,45.00,25.10.2016,,,,,,,,,,,,,,
,Grammar in Use. Intermediate. Student's Book with Answers and Interactive eBook,2380.00, Товары школы,700900.jpg,2,38,,46,46.00,03.2.2015,,,,,,,,,,,,,,
,Английская грамматика в схемах и таблицах,170.00, Товары школы,713804.jpg,1,17,,47,47.00,10.4.2017,,,,,,,,,,,,,,
,Английский язык. Тренажер по чтению,170.00, Товары школы,710082.jpg,1,17,,48,48.00,02.12.2016,,,,,,,,,,,,,,
,Английский язык для технических специальностей. Учебное пособие,2550.00, Товары школы,730048.jpg,2,49,,49,49.00,21.11.2015,,,,,,,,,,,,,,
,"Интенсивный английский 4 в 1: говорим, читаем, пишем, слушаем",1840.00, Товары школы,716807.jpg,1,50,,50,50.00,11.2.2017,,,,,,,,,,,,,,
,Английские пословицы и поговорки. Учебное пособие,260.00, Товары школы,714143.jpg,2,47,,,,,,,,,,,,,,,,,,
,Super Minds. Level 3. Workbook with Online Resources,1200.00, Товары школы,701130.jpg,1,38,,,,,,,,,,,,,,,,,,
,Английский язык. Времена глаголов,150.00, Товары школы,710081.jpg,1,17,,,,,,,,,,,,,,,,,,
,Английский курсив: прописи,300.00, Товары школы,715875.jpg,2,3,,,,,,,,,,,,,,,,,,
,Английский язык. Фразовые глаголы,160.00, Товары школы,710083.jpg,1,17,,,,,,,,,,,,,,,,,,
,English for Beginners: Everyday English,330.00, Товары школы,693086.jpg,1,18,,,,,,,,,,,,,,,,,,
,Курс английской разговорной речи. Учебное пособие,1790.00, Товары школы,722820.jpg,1,50,,,,,,,,,,,,,,,,,,
,New Enterprise A2 Student's Book with DigiBooks App,1650.00, Товары школы,701882.jpg,1,8,,,,,,,,,,,,,,,,,,
,Business Vocabulary in Use. Advanced. Book with Answers and Enhanced ebook,2840.00, Товары школы,700675.jpg,1,38,,,,,,,,,,,,,,,,,,
,Prepare. Level 2. Student's Book,1780.00, Товары школы,701088.jpg,2,38,,,,,,,,,,,,,,,,,,
,Your Space Level 2 Student's Book,1380.00, Товары школы,701151.jpg,1,38,,,,,,,,,,,,,,,,,,
,Вся английская грамматика в схемах и таблицах,370.00, Товары школы,729025.jpg,2,17,,,,,,,,,,,,,,,,,,
,Dive in! Green,640.00, Товары школы,729199.jpg,2,6,,,,,,,,,,,,,,,,,,
,English Grammar Today Book with Workbook,4110.00, Товары школы,700707.jpg,2,38,,,,,,,,,,,,,,,,,,
,Разговорная грамматика английского языка,360.00, Товары школы,725306.jpg,1,17,,,,,,,,,,,,,,,,,,
,Think. Level 3. B1+. Workbook with Online Practice,1140.00, Товары школы,701138.jpg,1,38,,,,,,,,,,,,,,,,,,
,Английский язык за 3 месяца. Быстрый восстановитель знаний,270.00, Товары школы,714131.jpg,1,17,,,,,,,,,,,,,,,,,,
,Prepare. Level 4. B1. Student's Book,1810.00, Товары школы,701097.jpg,1,38,,,,,,,,,,,,,,,,,,
,Английский язык. Идиомы (полезные карточки),140.00, Товары школы,729857.jpg,1,17,,,,,,,,,,,,,,,,,,
,Английский язык. Все времена и глаголы в схемах и таблицах,350.00, Товары школы,729495.jpg,1,17,,,,,,,,,,,,,,,,,,
,Английский с нуля. Учебное пособие,1840.00, Товары школы,716806.jpg,1,50,,,,,,,,,,,,,,,,,,
,English Vocabulary in Use. Elementary. Book with Answers and Enhanced eBook,2380.00, Товары школы,700704.jpg,1,38,,,,,,,,,,,,,,,,,,
,Каллиграфия. Английский курсив. Самоучитель,270.00, Товары школы,721737.jpg,2,3,,,,,,,,,,,,,,,,,,
,Ship or Sheep? An intermediate pronunciation course,2210.00, Товары школы,701112.jpg,1,38,,,,,,,,,,,,,,,,,,
,Eyes Open. Level 3. Workbook with Online Practice,1110.00, Товары школы,700891.jpg,1,38,,,,,,,,,,,,,,,,,,
,New Enterprise A2 - Grammar Book (with Digibooks App),1250.00, Товары школы,701883.jpg,1,8,,,,,,,,,,,,,,,,,,
,"Cracking the GRE Premium Edition with 6 Practice Tests, 2020",3110.00, Товары школы,730252.jpg,1,1,,,,,,,,,,,,,,,,,,
,Prepare. Level 5. B1. Student's Book,1790.00, Товары школы,701098.jpg,1,38,,,,,,,,,,,,,,,,,,
,Английский язык для менеджеров. Учебное пособие,1280.00, Товары школы,693032.jpg,1,50,,,,,,,,,,,,,,,,,,
,Учебник английского языка. Ч17ь 2,690.00, Товары школы,717996.jpg,1,36,,,,,,,,,,,,,,,,,,
,Быстрый английский для начинающих,230.00, Товары школы,714137.jpg,1,17,,,,,,,,,,,,,,,,,,
,Prepare. Level 3. A2. Student's Book,1810.00, Товары школы,701094.jpg,1,38,,,,,,,,,,,,,,,,,,
,Тренажер по чтению. Самый быстрый способ выучить английский язык,120.00, Товары школы,718058.jpg,2,17,,,,,,,,,,,,,,,,,,
,English Vocabulary in Use. Upper-Intermediate. Book with Answers,1890.00, Товары школы,700705.jpg,1,38,,,,,,,,,,,,,,,,,,
,Professional English for PR Students: People and Society,780.00, Товары школы,716803.jpg,1,50,,,,,,,,,,,,,,,,,,
,Английский язык. Идиомы,130.00, Товары школы,713805.jpg,1,17,,,,,,,,,,,,,,,,,,
,Elementary Vocabulary + Grammar. Foe Beginners and Pre-Intermediate Students. Учебное пособие,960.00, Товары школы,731489.jpg,2,24,,,,,,,,,,,,,,,,,,
,Самый быстрый способ выучить неправильные английские глаголы,70.00, Товары школы,718057.jpg,1,17,,,,,,,,,,,,,,,,,,
,English Grammar in Use. Book without Answers,1760.00, Товары школы,700691.jpg,2,38,,,,,,,,,,,,,,,,,,
,Английская грамматика. Самое важное. Учебное пособие (мини),80.00, Товары школы,726085.jpg,1,7,,,,,,,,,,,,,,,,,,
,Grammar in Use Intermediate Student's Book with Answers Self-study Reference and Practice,1950.00, Товары школы,700901.jpg,1,38,,,,,,,,,,,,,,,,,,
,English Grammar in Use. Book with Answers,1950.00, Товары школы,700689.jpg,1,38,,,,,,,,,,,,,,,,,,
,Английский для малышей и мам @my_english_baby. Как воспитать билингвального ребенка,390.00, Товары школы,718408.jpg,1,17,,,,,,,,,,,,,,,,,,
,Грамматический профиль. Grammar Profile. Учебное пособие,450.00, Товары школы,710904.jpg,2,47,,,,,,,,,,,,,,,,,,
,Английский язык на пальцах,360.00, Товары школы,712495.jpg,2,17,,,,,,,,,,,,,,,,,,
,Prepare. Level 2. A2. Workbook with Audio Download,1340.00, Товары школы,701093.jpg,1,38,,,,,,,,,,,,,,,,,,
,Учебник английского языка. Ч17ь 1,710.00, Товары школы,713136.jpg,1,36,,,,,,,,,,,,,,,,,,
,Грамматика английского языка. Просто и доступно. Учебное пособие,450.00, Товары школы,696499.jpg,2,47,,,,,,,,,,,,,,,,,,
,Безупречный английский. Самоучитель для начинающих,680.00, Товары школы,727495.jpg,1,17,,,,,,,,,,,,,,,,,,
,Your Space. Level 1. Student's Book,1370.00, Товары школы,701149.jpg,1,38,,,,,,,,,,,,,,,,,,
,,,,,,,,,,,,,,,,,,,,,,,,
